{
  "regime_performance": {
    "Bull": {
      "n_days": 257,
      "sharpe": 3.1976266435259633,
      "ann_return": 0.679853165197696,
      "ann_vol": 0.20635716384639838,
      "max_drawdown": -0.0703921738839165,
      "win_rate": 0.4591439688715953,
      "avg_daily_return": 0.002697830020625778,
      "market_ann_return": 0.33611874085048804,
      "excess_return": 0.34373442434720797,
      "sortino": 4.748567817849812,
      "worst_day": -0.03319494055017406,
      "best_day": 0.05133788594910858
    },
    "Bear": {
      "n_days": 70,
      "sharpe": -0.8173918979486954,
      "ann_return": -0.39191017950163415,
      "ann_vol": 0.5039323004489681,
      "max_drawdown": -0.29955492958545604,
      "win_rate": 0.5285714285714286,
      "avg_daily_return": -0.0015551991250064847,
      "market_ann_return": -0.26336640851683935,
      "excess_return": -0.1285437709847948,
      "sortino": -1.3808353242579066,
      "worst_day": -0.08534976258872609,
      "best_day": 0.06473065802561521
    },
    "High-Vol": {
      "n_days": 58,
      "sharpe": 3.9754703513743297,
      "ann_return": 1.095267550170177,
      "ann_vol": 0.27047555512480537,
      "max_drawdown": -0.07242238480934626,
      "win_rate": 0.5689655172413793,
      "avg_daily_return": 0.004346299802262607,
      "market_ann_return": 0.4725157415879081,
      "excess_return": 0.6227518085822689,
      "sortino": 6.866008559859557,
      "worst_day": -0.030448312494745756,
      "best_day": 0.046585927256199235
    },
    "Sideways": {
      "n_days": 559,
      "sharpe": 0.13611410374107344,
      "ann_return": 0.05209399957032108,
      "ann_vol": 0.23578746572341042,
      "max_drawdown": -0.3458122489124875,
      "win_rate": 0.3935599284436494,
      "avg_daily_return": 0.00020672222051714714,
      "market_ann_return": 0.012586873480560801,
      "excess_return": 0.03950712608976027,
      "sortino": 0.15471961565958178,
      "worst_day": -0.08346433721339286,
      "best_day": 0.06349145005884774
    },
    "Overall": {
      "n_days": 944,
      "sharpe": 0.8976697799862842,
      "ann_return": 0.25416802389870047,
      "ann_vol": 0.2608620999832237
    }
  },
  "edge_score": {
    "overall_sharpe": 0.8976697799862842,
    "best_regime": "High-Vol",
    "best_regime_sharpe": 3.9754703513743297,
    "worst_regime": "Bear",
    "worst_regime_sharpe": -0.8173918979486954,
    "regime_spread": 4.792862249323025,
    "regime_sharpes": {
      "Bull": 3.1976266435259633,
      "Bear": -0.8173918979486954,
      "High-Vol": 3.9754703513743297,
      "Sideways": 0.13611410374107344
    }
  }
}