{
  "regime_performance": {
    "Bull": {
      "n_days": 257,
      "sharpe": 3.143207170333751,
      "ann_return": 0.8191186205516968,
      "ann_vol": 0.25423670068392124,
      "max_drawdown": -0.12716119079986288,
      "win_rate": 0.4163424124513619,
      "avg_daily_return": 0.0032504707164749875,
      "market_ann_return": 0.33611874085048804,
      "excess_return": 0.4829998797012088,
      "sortino": 5.640499543748398,
      "worst_day": -0.03352939305310764,
      "best_day": 0.05507014375699727
    },
    "Bear": {
      "n_days": 70,
      "sharpe": -0.35403801492865056,
      "ann_return": -0.14352198934576874,
      "ann_vol": 0.4618769240888536,
      "max_drawdown": -0.23934381455208797,
      "win_rate": 0.42857142857142855,
      "avg_daily_return": -0.0005695317037530506,
      "market_ann_return": -0.26336640851683935,
      "excess_return": 0.11984441917107061,
      "sortino": -0.6409854103696763,
      "worst_day": -0.061211548579248744,
      "best_day": 0.056768721522636095
    },
    "High-Vol": {
      "n_days": 58,
      "sharpe": 2.2196153769779547,
      "ann_return": 0.7373403476823505,
      "ann_vol": 0.3231822752368124,
      "max_drawdown": -0.08275604471714904,
      "win_rate": 0.5344827586206896,
      "avg_daily_return": 0.002925953760644248,
      "market_ann_return": 0.4725157415879081,
      "excess_return": 0.26482460609444236,
      "sortino": 3.93938625165768,
      "worst_day": -0.049059885279210645,
      "best_day": 0.046421720837978644
    },
    "Sideways": {
      "n_days": 559,
      "sharpe": -0.19964816776378208,
      "ann_return": -0.03344339494928359,
      "ann_vol": 0.26768788087510165,
      "max_drawdown": -0.4493380302016168,
      "win_rate": 0.3363148479427549,
      "avg_daily_return": -0.00013271188471937934,
      "market_ann_return": 0.012586873480560801,
      "excess_return": -0.046030268429844395,
      "sortino": -0.2138904148833199,
      "worst_day": -0.11714415845498369,
      "best_day": 0.06966257844357385
    },
    "Overall": {
      "n_days": 944,
      "sharpe": 0.758421309679959,
      "ann_return": 0.23785786929714942,
      "ann_vol": 0.28725177749697167
    }
  },
  "edge_score": {
    "overall_sharpe": 0.758421309679959,
    "best_regime": "Bull",
    "best_regime_sharpe": 3.143207170333751,
    "worst_regime": "Bear",
    "worst_regime_sharpe": -0.35403801492865056,
    "regime_spread": 3.4972451852624014,
    "regime_sharpes": {
      "Bull": 3.143207170333751,
      "Bear": -0.35403801492865056,
      "High-Vol": 2.2196153769779547,
      "Sideways": -0.19964816776378208
    }
  }
}