{
  "regime_performance": {
    "Bull": {
      "n_days": 257,
      "sharpe": 2.985509078659625,
      "ann_return": 0.3260991281426806,
      "ann_vol": 0.10252828582256633,
      "max_drawdown": -0.03942637705214147,
      "win_rate": 0.5797665369649806,
      "avg_daily_return": 0.0012940441592963516,
      "market_ann_return": 0.33611874085048804,
      "excess_return": -0.010019612707807435,
      "sortino": 5.332036911797428,
      "worst_day": -0.01566506416177976,
      "best_day": 0.019135757784732775
    },
    "Bear": {
      "n_days": 70,
      "sharpe": -1.5502054782079966,
      "ann_return": -0.34872442204589377,
      "ann_vol": 0.2378551922498243,
      "max_drawdown": -0.1680933053709125,
      "win_rate": 0.45714285714285713,
      "avg_daily_return": -0.0013838270716106896,
      "market_ann_return": -0.26336640851683935,
      "excess_return": -0.08535801352905442,
      "sortino": -2.488219094029369,
      "worst_day": -0.04231790184635472,
      "best_day": 0.038557154791380714
    },
    "High-Vol": {
      "n_days": 58,
      "sharpe": 1.2641254556285104,
      "ann_return": 0.16667587862618527,
      "ann_vol": 0.11602952695328764,
      "max_drawdown": -0.04112113237284065,
      "win_rate": 0.5862068965517241,
      "avg_daily_return": 0.0006614122167705764,
      "market_ann_return": 0.4725157415879081,
      "excess_return": -0.30583986296172283,
      "sortino": 2.053322918939414,
      "worst_day": -0.01560292899465331,
      "best_day": 0.01749569004649556
    },
    "Sideways": {
      "n_days": 559,
      "sharpe": -0.13024824842013621,
      "ann_return": 0.0035428653720041663,
      "ann_vol": 0.1263520609882657,
      "max_drawdown": -0.23912859885005533,
      "win_rate": 0.5402504472271914,
      "avg_daily_return": 1.4058989571445105e-05,
      "market_ann_return": 0.012586873480560801,
      "excess_return": -0.009044008108556635,
      "sortino": -0.16689936002601527,
      "worst_day": -0.04148309920343886,
      "best_day": 0.024454701151685812
    },
    "Overall": {
      "n_days": 944,
      "sharpe": 0.4190475564172372,
      "ann_return": 0.07525892912364979,
      "ann_vol": 0.13186791875390294
    }
  },
  "edge_score": {
    "overall_sharpe": 0.4190475564172372,
    "best_regime": "Bull",
    "best_regime_sharpe": 2.985509078659625,
    "worst_regime": "Bear",
    "worst_regime_sharpe": -1.5502054782079966,
    "regime_spread": 4.535714556867622,
    "regime_sharpes": {
      "Bull": 2.985509078659625,
      "Bear": -1.5502054782079966,
      "High-Vol": 1.2641254556285104,
      "Sideways": -0.13024824842013621
    }
  }
}