{
  "regime_performance": {
    "Bull": {
      "n_days": 257,
      "sharpe": 2.534261377843008,
      "ann_return": 0.3957079007035006,
      "ann_vol": 0.14825144082938982,
      "max_drawdown": -0.053296898320536634,
      "win_rate": 0.4357976653696498,
      "avg_daily_return": 0.0015702694472361134,
      "market_ann_return": 0.33611874085048804,
      "excess_return": 0.05958915985301255,
      "sortino": 3.6447831851877712,
      "worst_day": -0.025412715568098453,
      "best_day": 0.03890980785592913
    },
    "Bear": {
      "n_days": 70,
      "sharpe": -0.8140523542208291,
      "ann_return": -0.24441804252799743,
      "ann_vol": 0.32481699875567016,
      "max_drawdown": -0.19424056939654744,
      "win_rate": 0.5,
      "avg_daily_return": -0.000969912867174593,
      "market_ann_return": -0.26336640851683935,
      "excess_return": 0.01894836598884192,
      "sortino": -1.3765322353853384,
      "worst_day": -0.05558694394900015,
      "best_day": 0.04495727911484088
    },
    "High-Vol": {
      "n_days": 58,
      "sharpe": 4.412526996839144,
      "ann_return": 0.8364455559448272,
      "ann_vol": 0.1850290222653997,
      "max_drawdown": -0.04261606825909392,
      "win_rate": 0.5862068965517241,
      "avg_daily_return": 0.003319228396606457,
      "market_ann_return": 0.4725157415879081,
      "excess_return": 0.36392981435691907,
      "sortino": 8.142658076095039,
      "worst_day": -0.019785643107981487,
      "best_day": 0.02883083495668924
    },
    "Sideways": {
      "n_days": 559,
      "sharpe": 0.1892586472399941,
      "ann_return": 0.05017020424764992,
      "ann_vol": 0.15941255360127268,
      "max_drawdown": -0.2438155577212313,
      "win_rate": 0.3559928443649374,
      "avg_daily_return": 0.00019908811209384887,
      "market_ann_return": 0.012586873480560801,
      "excess_return": 0.03758333076708911,
      "sortino": 0.2188091757973221,
      "worst_day": -0.055015376028893226,
      "best_day": 0.04104290193805177
    },
    "Overall": {
      "n_days": 944,
      "sharpe": 0.8553879138122656,
      "ann_return": 0.17070620118969926,
      "ann_vol": 0.17618462776500624
    }
  },
  "edge_score": {
    "overall_sharpe": 0.8553879138122656,
    "best_regime": "High-Vol",
    "best_regime_sharpe": 4.412526996839144,
    "worst_regime": "Bear",
    "worst_regime_sharpe": -0.8140523542208291,
    "regime_spread": 5.226579351059973,
    "regime_sharpes": {
      "Bull": 2.534261377843008,
      "Bear": -0.8140523542208291,
      "High-Vol": 4.412526996839144,
      "Sideways": 0.1892586472399941
    }
  }
}