{
  "regime_performance": {
    "Bull": {
      "n_days": 257,
      "sharpe": 3.109527562545986,
      "ann_return": 1.1104534817198592,
      "ann_vol": 0.3506814008836215,
      "max_drawdown": -0.15372860945539468,
      "win_rate": 0.4591439688715953,
      "avg_daily_return": 0.004406561435396267,
      "market_ann_return": 0.33611874085048804,
      "excess_return": 0.7743347408693713,
      "sortino": 5.252866706233477,
      "worst_day": -0.049275561940690535,
      "best_day": 0.08294373163343853
    },
    "Bear": {
      "n_days": 70,
      "sharpe": -0.7778163893730773,
      "ann_return": -0.5708452852184801,
      "ann_vol": 0.7596205136468048,
      "max_drawdown": -0.45495222993288775,
      "win_rate": 0.42857142857142855,
      "avg_daily_return": -0.002265259068327302,
      "market_ann_return": -0.26336640851683935,
      "excess_return": -0.30747887670164076,
      "sortino": -1.1250145557363855,
      "worst_day": -0.1200812789592045,
      "best_day": 0.09233222719071862
    },
    "High-Vol": {
      "n_days": 58,
      "sharpe": 2.8451165015020026,
      "ann_return": 1.1671350198780457,
      "ann_vol": 0.40319439266281254,
      "max_drawdown": -0.10289160133468267,
      "win_rate": 0.5517241379310345,
      "avg_daily_return": 0.004631488174119229,
      "market_ann_return": 0.4725157415879081,
      "excess_return": 0.6946192782901376,
      "sortino": 4.639358766421304,
      "worst_day": -0.0516724115501202,
      "best_day": 0.07928958351166694
    },
    "Sideways": {
      "n_days": 559,
      "sharpe": 0.3354699893132263,
      "ann_return": 0.1603449915570124,
      "ann_vol": 0.41835334315396283,
      "max_drawdown": -0.4956520825589589,
      "win_rate": 0.40966010733452596,
      "avg_daily_return": 0.0006362896490357635,
      "market_ann_return": 0.012586873480560801,
      "excess_return": 0.1477581180764516,
      "sortino": 0.36547516038960215,
      "worst_day": -0.132085166542866,
      "best_day": 0.11973991326746827
    },
    "Overall": {
      "n_days": 944,
      "sharpe": 0.9326743218535104,
      "ann_return": 0.42664624604873597,
      "ann_vol": 0.43600025916935825
    }
  },
  "edge_score": {
    "overall_sharpe": 0.9326743218535104,
    "best_regime": "Bull",
    "best_regime_sharpe": 3.109527562545986,
    "worst_regime": "Bear",
    "worst_regime_sharpe": -0.7778163893730773,
    "regime_spread": 3.8873439519190636,
    "regime_sharpes": {
      "Bull": 3.109527562545986,
      "Bear": -0.7778163893730773,
      "High-Vol": 2.8451165015020026,
      "Sideways": 0.3354699893132263
    }
  }
}