{
  "regime_performance": {
    "Bull": {
      "n_days": 257,
      "sharpe": 3.420035096450258,
      "ann_return": 0.7534344428411817,
      "ann_vol": 0.21445231471525894,
      "max_drawdown": -0.06872104681545288,
      "win_rate": 0.5914396887159533,
      "avg_daily_return": 0.0029898192176237366,
      "market_ann_return": 0.33611874085048804,
      "excess_return": 0.4173157019906936,
      "sortino": 5.4212857464597635,
      "worst_day": -0.03432481528413771,
      "best_day": 0.05231376276982386
    },
    "Bear": {
      "n_days": 70,
      "sharpe": -1.0636892679256036,
      "ann_return": -0.5878360397272934,
      "ann_vol": 0.5714413579754257,
      "max_drawdown": -0.33715013344186695,
      "win_rate": 0.5285714285714286,
      "avg_daily_return": -0.0023326826973305292,
      "market_ann_return": -0.26336640851683935,
      "excess_return": -0.324469631210454,
      "sortino": -1.6433833765673604,
      "worst_day": -0.10669976079426649,
      "best_day": 0.08092409142364515
    },
    "High-Vol": {
      "n_days": 58,
      "sharpe": 4.111627862032381,
      "ann_return": 1.28730543192838,
      "ann_vol": 0.3082247407726122,
      "max_drawdown": -0.07643713079624126,
      "win_rate": 0.5862068965517241,
      "avg_daily_return": 0.005108354888604683,
      "market_ann_return": 0.4725157415879081,
      "excess_return": 0.814789690340472,
      "sortino": 7.850678233944979,
      "worst_day": -0.03642464891644448,
      "best_day": 0.0479793491041225
    },
    "Sideways": {
      "n_days": 559,
      "sharpe": 0.15322095962777693,
      "ann_return": 0.05897948070526414,
      "ann_vol": 0.2544004475625127,
      "max_drawdown": -0.38104392367404494,
      "win_rate": 0.5062611806797853,
      "avg_daily_return": 0.00023404555835422277,
      "market_ann_return": 0.012586873480560801,
      "excess_return": 0.04639260722470334,
      "sortino": 0.19853129099835531,
      "worst_day": -0.08865887967090297,
      "best_day": 0.06210504564656665
    },
    "Overall": {
      "n_days": 944,
      "sharpe": 0.8965538409167471,
      "ann_return": 0.27554806546118843,
      "ann_vol": 0.28503370773570574
    }
  },
  "edge_score": {
    "overall_sharpe": 0.8965538409167471,
    "best_regime": "High-Vol",
    "best_regime_sharpe": 4.111627862032381,
    "worst_regime": "Bear",
    "worst_regime_sharpe": -1.0636892679256036,
    "regime_spread": 5.1753171299579845,
    "regime_sharpes": {
      "Bull": 3.420035096450258,
      "Bear": -1.0636892679256036,
      "High-Vol": 4.111627862032381,
      "Sideways": 0.15322095962777693
    }
  }
}