{
  "regime_performance": {
    "Bull": {
      "n_days": 257,
      "sharpe": 3.3603331815632878,
      "ann_return": 0.4599385432671137,
      "ann_vol": 0.1309211079665756,
      "max_drawdown": -0.05961614127733428,
      "win_rate": 0.5097276264591439,
      "avg_daily_return": 0.0018251529494726735,
      "market_ann_return": 0.33611874085048804,
      "excess_return": 0.12381980241662566,
      "sortino": 5.622388583392896,
      "worst_day": -0.02132401276806848,
      "best_day": 0.03401811402917301
    },
    "Bear": {
      "n_days": 70,
      "sharpe": -0.8927884458912072,
      "ann_return": -0.3809396760363748,
      "ann_vol": 0.44908699018404663,
      "max_drawdown": -0.282464414479216,
      "win_rate": 0.4714285714285714,
      "avg_daily_return": -0.0015116653810967253,
      "market_ann_return": -0.26336640851683935,
      "excess_return": -0.11757326751953545,
      "sortino": -1.4012737146170662,
      "worst_day": -0.06392043038994699,
      "best_day": 0.051693102511353804
    },
    "High-Vol": {
      "n_days": 58,
      "sharpe": 3.9740484136448266,
      "ann_return": 1.010027935614071,
      "ann_vol": 0.2491232699165987,
      "max_drawdown": -0.05397440938168807,
      "win_rate": 0.603448275862069,
      "avg_daily_return": 0.0040080473635479,
      "market_ann_return": 0.4725157415879081,
      "excess_return": 0.5375121940261628,
      "sortino": 7.12715139661214,
      "worst_day": -0.026154687315721712,
      "best_day": 0.04195446133430721
    },
    "Sideways": {
      "n_days": 559,
      "sharpe": -0.18844809157118586,
      "ann_return": -0.008528093016224056,
      "ann_vol": 0.15138435618196555,
      "max_drawdown": -0.2729658671610309,
      "win_rate": 0.4329159212880143,
      "avg_daily_return": -3.3841638953270064e-05,
      "market_ann_return": 0.012586873480560801,
      "excess_return": -0.021114966496784855,
      "sortino": -0.20704292335880906,
      "worst_day": -0.061187975677311525,
      "best_day": 0.05082885642849171
    },
    "Overall": {
      "n_days": 944,
      "sharpe": 0.695108659056498,
      "ann_return": 0.15397547093924666,
      "ann_vol": 0.1927403279957662
    }
  },
  "edge_score": {
    "overall_sharpe": 0.695108659056498,
    "best_regime": "High-Vol",
    "best_regime_sharpe": 3.9740484136448266,
    "worst_regime": "Bear",
    "worst_regime_sharpe": -0.8927884458912072,
    "regime_spread": 4.866836859536034,
    "regime_sharpes": {
      "Bull": 3.3603331815632878,
      "Bear": -0.8927884458912072,
      "High-Vol": 3.9740484136448266,
      "Sideways": -0.18844809157118586
    }
  }
}