{
  "regime_performance": {
    "Bull": {
      "n_days": 257,
      "sharpe": 3.269725305856419,
      "ann_return": 0.738127671249039,
      "ann_vol": 0.21962935845491288,
      "max_drawdown": -0.07507585907782777,
      "win_rate": 0.45525291828793774,
      "avg_daily_return": 0.0029290780605120597,
      "market_ann_return": 0.33611874085048804,
      "excess_return": 0.40200893039855096,
      "sortino": 4.886881558986384,
      "worst_day": -0.03366165250098249,
      "best_day": 0.056238799459480474
    },
    "Bear": {
      "n_days": 70,
      "sharpe": -0.8570532102746411,
      "ann_return": -0.44535880855434096,
      "ann_vol": 0.5429753986980781,
      "max_drawdown": -0.324941441052919,
      "win_rate": 0.5142857142857142,
      "avg_daily_return": -0.001767296859342623,
      "market_ann_return": -0.26336640851683935,
      "excess_return": -0.1819924000375016,
      "sortino": -1.3975252233234945,
      "worst_day": -0.08709115983765159,
      "best_day": 0.07013508400414932
    },
    "High-Vol": {
      "n_days": 58,
      "sharpe": 3.9596290365718585,
      "ann_return": 1.1579513970608823,
      "ann_vol": 0.2873883857680997,
      "max_drawdown": -0.07499930922461506,
      "win_rate": 0.6206896551724138,
      "avg_daily_return": 0.004595045226432073,
      "market_ann_return": 0.4725157415879081,
      "excess_return": 0.6854356554729742,
      "sortino": 6.7135566742914214,
      "worst_day": -0.03332911006187484,
      "best_day": 0.048615929689942244
    },
    "Sideways": {
      "n_days": 559,
      "sharpe": 0.15088791944170182,
      "ann_return": 0.05857637305989353,
      "ann_vol": 0.25566243608255323,
      "max_drawdown": -0.36509966758742407,
      "win_rate": 0.3881932021466905,
      "avg_daily_return": 0.00023244592484084734,
      "market_ann_return": 0.012586873480560801,
      "excess_return": 0.045989499579332724,
      "sortino": 0.16936634869912542,
      "worst_day": -0.08582008651644521,
      "best_day": 0.0681566177239013
    },
    "Overall": {
      "n_days": 944,
      "sharpe": 0.9027083470669475,
      "ann_return": 0.27375960644302,
      "ann_vol": 0.28110918356690506
    }
  },
  "edge_score": {
    "overall_sharpe": 0.9027083470669475,
    "best_regime": "High-Vol",
    "best_regime_sharpe": 3.9596290365718585,
    "worst_regime": "Bear",
    "worst_regime_sharpe": -0.8570532102746411,
    "regime_spread": 4.8166822468465,
    "regime_sharpes": {
      "Bull": 3.269725305856419,
      "Bear": -0.8570532102746411,
      "High-Vol": 3.9596290365718585,
      "Sideways": 0.15088791944170182
    }
  }
}