{
  "regime_performance": {
    "Bull": {
      "n_days": 257,
      "sharpe": 3.032112149446878,
      "ann_return": 0.49512155460633217,
      "ann_vol": 0.15669656371153834,
      "max_drawdown": -0.06250857754449946,
      "win_rate": 0.45136186770428016,
      "avg_daily_return": 0.0019647680738346515,
      "market_ann_return": 0.33611874085048804,
      "excess_return": 0.15900281375584413,
      "sortino": 4.245445499154603,
      "worst_day": -0.02736129236328185,
      "best_day": 0.044779946788134684
    },
    "Bear": {
      "n_days": 70,
      "sharpe": -0.9802131034255073,
      "ann_return": -0.3646815056267182,
      "ann_vol": 0.39244681006853394,
      "max_drawdown": -0.23720775134154093,
      "win_rate": 0.5285714285714286,
      "avg_daily_return": -0.0014471488318520563,
      "market_ann_return": -0.26336640851683935,
      "excess_return": -0.10131509710987885,
      "sortino": -1.6411597345380833,
      "worst_day": -0.07156099186497417,
      "best_day": 0.05375577771725803
    },
    "High-Vol": {
      "n_days": 58,
      "sharpe": 4.313633997152639,
      "ann_return": 0.9554271723224089,
      "ann_vol": 0.21685362572250444,
      "max_drawdown": -0.05404398285693457,
      "win_rate": 0.5517241379310345,
      "avg_daily_return": 0.0037913776679460672,
      "market_ann_return": 0.4725157415879081,
      "excess_return": 0.4829114307345008,
      "sortino": 7.958117960117623,
      "worst_day": -0.023805505807045046,
      "best_day": 0.033467574343882776
    },
    "Sideways": {
      "n_days": 559,
      "sharpe": 0.08812335512519527,
      "ann_return": 0.03547494989034966,
      "ann_vol": 0.1756055459800036,
      "max_drawdown": -0.2668844024147332,
      "win_rate": 0.38998211091234347,
      "avg_daily_return": 0.00014077361067599072,
      "market_ann_return": 0.012586873480560801,
      "excess_return": 0.02288807640978886,
      "sortino": 0.10309447154989893,
      "worst_day": -0.06054192671060192,
      "best_day": 0.04538171986256935
    },
    "Overall": {
      "n_days": 944,
      "sharpe": 0.8434956835473463,
      "ann_return": 0.18746166008830745,
      "ann_vol": 0.19853291884558613
    }
  },
  "edge_score": {
    "overall_sharpe": 0.8434956835473463,
    "best_regime": "High-Vol",
    "best_regime_sharpe": 4.313633997152639,
    "worst_regime": "Bear",
    "worst_regime_sharpe": -0.9802131034255073,
    "regime_spread": 5.293847100578146,
    "regime_sharpes": {
      "Bull": 3.032112149446878,
      "Bear": -0.9802131034255073,
      "High-Vol": 4.313633997152639,
      "Sideways": 0.08812335512519527
    }
  }
}