{
  "regime_performance": {
    "Bull": {
      "n_days": 257,
      "sharpe": 3.224350045102041,
      "ann_return": 4.283690937959525,
      "ann_vol": 1.3223412093349785,
      "max_drawdown": -0.585754488870069,
      "win_rate": 0.5953307392996109,
      "avg_daily_return": 0.01699877356333145,
      "market_ann_return": 0.33611874085048804,
      "excess_return": 3.947572197109037,
      "sortino": 5.581639057619911,
      "worst_day": -0.20240745480009714,
      "best_day": 0.2847582609729068
    },
    "Bear": {
      "n_days": 70,
      "sharpe": -0.7459190860053188,
      "ann_return": -2.165829220644301,
      "ann_vol": 2.9303838199800607,
      "max_drawdown": -0.9465908186525003,
      "win_rate": 0.45714285714285713,
      "avg_daily_return": -0.008594560399382146,
      "market_ann_return": -0.26336640851683935,
      "excess_return": -1.9024628121274616,
      "sortino": -1.2352984637005926,
      "worst_day": -0.4345748496993357,
      "best_day": 0.35403328151665764
    },
    "High-Vol": {
      "n_days": 58,
      "sharpe": 2.4872089776781823,
      "ann_return": 4.56946717759931,
      "ann_vol": 1.8291455275488164,
      "max_drawdown": -0.4309298333894238,
      "win_rate": 0.5344827586206896,
      "avg_daily_return": 0.018132806260314722,
      "market_ann_return": 0.4725157415879081,
      "excess_return": 4.096951436011402,
      "sortino": 3.9297838214746688,
      "worst_day": -0.2629017945610959,
      "best_day": 0.2810348765050038
    },
    "Sideways": {
      "n_days": 559,
      "sharpe": -0.08552308069130664,
      "ann_return": -0.10265299864262968,
      "ann_vol": 1.4341508473641467,
      "max_drawdown": -0.9881419985634029,
      "win_rate": 0.5098389982110912,
      "avg_daily_return": -0.00040735316921678447,
      "market_ann_return": 0.012586873480560801,
      "excess_return": -0.11523987212319048,
      "sortino": -0.10729789510696602,
      "worst_day": -0.5790237603178723,
      "best_day": 0.3543610342148679
    },
    "Overall": {
      "n_days": 944,
      "sharpe": 0.756045521909446,
      "ann_return": 1.225579020836893,
      "ann_vol": 1.5945852278737382
    }
  },
  "edge_score": {
    "overall_sharpe": 0.756045521909446,
    "best_regime": "Bull",
    "best_regime_sharpe": 3.224350045102041,
    "worst_regime": "Bear",
    "worst_regime_sharpe": -0.7459190860053188,
    "regime_spread": 3.9702691311073597,
    "regime_sharpes": {
      "Bull": 3.224350045102041,
      "Bear": -0.7459190860053188,
      "High-Vol": 2.4872089776781823,
      "Sideways": -0.08552308069130664
    }
  }
}