{
  "generated_at": "2026-03-05T08:27:52.594743",
  "data_period": "2014-2017",
  "regime_params": {
    "trend_window": 63,
    "vol_window": 63,
    "bull_threshold": 0.05,
    "bear_threshold": -0.05,
    "high_vol_threshold": 0.2
  },
  "regime_summary": {
    "Bull": {
      "n_days": 257,
      "pct_of_total": 27.22457627118644,
      "ann_market_return": 0.33611874085048804,
      "ann_market_vol": 0.09398537845757997
    },
    "Bear": {
      "n_days": 70,
      "pct_of_total": 7.415254237288135,
      "ann_market_return": -0.26336640851683935,
      "ann_market_vol": 0.2443480117663035
    },
    "High-Vol": {
      "n_days": 58,
      "pct_of_total": 6.1440677966101696,
      "ann_market_return": 0.4725157415879081,
      "ann_market_vol": 0.1315644982409795
    },
    "Sideways": {
      "n_days": 559,
      "pct_of_total": 59.21610169491526,
      "ann_market_return": 0.012586873480560801,
      "ann_market_vol": 0.11708817887669504
    }
  },
  "regime_transitions": {
    "total_transitions": 86,
    "avg_regime_duration_days": 10.850574712643677,
    "median_regime_duration_days": 4.0,
    "top_transitions": {
      "Bull \u2192 Sideways": 36,
      "Sideways \u2192 Bull": 34,
      "Sideways \u2192 Bear": 5,
      "Bear \u2192 High-Vol": 4,
      "Bear \u2192 Sideways": 3,
      "High-Vol \u2192 Bear": 2,
      "High-Vol \u2192 Bull": 2
    }
  },
  "strategies": [
    {
      "strategy": "large_cap_momentum",
      "overall_sharpe": 0.9326743218535104,
      "best_regime": "Bull",
      "best_regime_sharpe": 3.109527562545986,
      "worst_regime": "Bear",
      "worst_regime_sharpe": -0.7778163893730773,
      "regime_spread": 3.8873439519190636,
      "bull_sharpe": 3.109527562545986,
      "bull_ann_return": 1.1104534817198592,
      "bull_max_dd": -0.15372860945539468,
      "bear_sharpe": -0.7778163893730773,
      "bear_ann_return": -0.5708452852184801,
      "bear_max_dd": -0.45495222993288775,
      "high_vol_sharpe": 2.8451165015020026,
      "high_vol_ann_return": 1.1671350198780457,
      "high_vol_max_dd": -0.10289160133468267,
      "sideways_sharpe": 0.3354699893132263,
      "sideways_ann_return": 0.1603449915570124,
      "sideways_max_dd": -0.4956520825589589
    },
    {
      "strategy": "52_week_high_breakout",
      "overall_sharpe": 0.894877586164231,
      "best_regime": "High-Vol",
      "best_regime_sharpe": 3.8364917616182357,
      "worst_regime": "Bear",
      "worst_regime_sharpe": -1.0516031260352103,
      "regime_spread": 4.8880948876534465,
      "bull_sharpe": 3.595519121502252,
      "bull_ann_return": 2.0454255308775404,
      "bull_max_dd": -0.2046526136383584,
      "bear_sharpe": -1.0516031260352103,
      "bear_ann_return": -1.5554861351955236,
      "bear_max_dd": -0.7331052733110934,
      "high_vol_sharpe": 3.8364917616182357,
      "high_vol_ann_return": 3.0462194188165332,
      "high_vol_max_dd": -0.1720263455463279,
      "sideways_sharpe": 0.11424051812634922,
      "sideways_ann_return": 0.0955863511193788,
      "sideways_max_dd": -0.7738155436606735
    },
    {
      "strategy": "deep_value_all_cap",
      "overall_sharpe": 0.758421309679959,
      "best_regime": "Bull",
      "best_regime_sharpe": 3.143207170333751,
      "worst_regime": "Bear",
      "worst_regime_sharpe": -0.35403801492865056,
      "regime_spread": 3.4972451852624014,
      "bull_sharpe": 3.143207170333751,
      "bull_ann_return": 0.8191186205516968,
      "bull_max_dd": -0.12716119079986288,
      "bear_sharpe": -0.35403801492865056,
      "bear_ann_return": -0.14352198934576874,
      "bear_max_dd": -0.23934381455208797,
      "high_vol_sharpe": 2.2196153769779547,
      "high_vol_ann_return": 0.7373403476823505,
      "high_vol_max_dd": -0.08275604471714904,
      "sideways_sharpe": -0.19964816776378208,
      "sideways_ann_return": -0.03344339494928359,
      "sideways_max_dd": -0.4493380302016168
    },
    {
      "strategy": "high_quality_roic",
      "overall_sharpe": 0.8553879138122656,
      "best_regime": "High-Vol",
      "best_regime_sharpe": 4.412526996839144,
      "worst_regime": "Bear",
      "worst_regime_sharpe": -0.8140523542208291,
      "regime_spread": 5.226579351059973,
      "bull_sharpe": 2.534261377843008,
      "bull_ann_return": 0.3957079007035006,
      "bull_max_dd": -0.053296898320536634,
      "bear_sharpe": -0.8140523542208291,
      "bear_ann_return": -0.24441804252799743,
      "bear_max_dd": -0.19424056939654744,
      "high_vol_sharpe": 4.412526996839144,
      "high_vol_ann_return": 0.8364455559448272,
      "high_vol_max_dd": -0.04261606825909392,
      "sideways_sharpe": 0.1892586472399941,
      "sideways_ann_return": 0.05017020424764992,
      "sideways_max_dd": -0.2438155577212313
    },
    {
      "strategy": "low_volatility_shield",
      "overall_sharpe": 0.8965538409167471,
      "best_regime": "High-Vol",
      "best_regime_sharpe": 4.111627862032381,
      "worst_regime": "Bear",
      "worst_regime_sharpe": -1.0636892679256036,
      "regime_spread": 5.1753171299579845,
      "bull_sharpe": 3.420035096450258,
      "bull_ann_return": 0.7534344428411817,
      "bull_max_dd": -0.06872104681545288,
      "bear_sharpe": -1.0636892679256036,
      "bear_ann_return": -0.5878360397272934,
      "bear_max_dd": -0.33715013344186695,
      "high_vol_sharpe": 4.111627862032381,
      "high_vol_ann_return": 1.28730543192838,
      "high_vol_max_dd": -0.07643713079624126,
      "sideways_sharpe": 0.15322095962777693,
      "sideways_ann_return": 0.05897948070526414,
      "sideways_max_dd": -0.38104392367404494
    },
    {
      "strategy": "dividend_aristocrats",
      "overall_sharpe": 0.5748078729934992,
      "best_regime": "Sideways",
      "best_regime_sharpe": 0.8655019069110668,
      "worst_regime": "Bear",
      "worst_regime_sharpe": 0.0,
      "regime_spread": 0.8655019069110668,
      "bull_sharpe": 0.29589839998065154,
      "bull_ann_return": 0.02947293115909639,
      "bull_max_dd": -0.01533945746218035,
      "bear_sharpe": 0.0,
      "bear_ann_return": 0.0,
      "bear_max_dd": 0.0,
      "high_vol_sharpe": 0.0,
      "high_vol_ann_return": 0.0,
      "high_vol_max_dd": 0.0,
      "sideways_sharpe": 0.8655019069110668,
      "sideways_ann_return": 0.05298640936489169,
      "sideways_max_dd": -0.028708589896218828
    },
    {
      "strategy": "moving_average_trend",
      "overall_sharpe": 0.695108659056498,
      "best_regime": "High-Vol",
      "best_regime_sharpe": 3.9740484136448266,
      "worst_regime": "Bear",
      "worst_regime_sharpe": -0.8927884458912072,
      "regime_spread": 4.866836859536034,
      "bull_sharpe": 3.3603331815632878,
      "bull_ann_return": 0.4599385432671137,
      "bull_max_dd": -0.05961614127733428,
      "bear_sharpe": -0.8927884458912072,
      "bear_ann_return": -0.3809396760363748,
      "bear_max_dd": -0.282464414479216,
      "high_vol_sharpe": 3.9740484136448266,
      "high_vol_ann_return": 1.010027935614071,
      "high_vol_max_dd": -0.05397440938168807,
      "sideways_sharpe": -0.18844809157118586,
      "sideways_ann_return": -0.008528093016224056,
      "sideways_max_dd": -0.2729658671610309
    },
    {
      "strategy": "rsi_mean_reversion",
      "overall_sharpe": 0.756045521909446,
      "best_regime": "Bull",
      "best_regime_sharpe": 3.224350045102041,
      "worst_regime": "Bear",
      "worst_regime_sharpe": -0.7459190860053188,
      "regime_spread": 3.9702691311073597,
      "bull_sharpe": 3.224350045102041,
      "bull_ann_return": 4.283690937959525,
      "bull_max_dd": -0.585754488870069,
      "bear_sharpe": -0.7459190860053188,
      "bear_ann_return": -2.165829220644301,
      "bear_max_dd": -0.9465908186525003,
      "high_vol_sharpe": 2.4872089776781823,
      "high_vol_ann_return": 4.56946717759931,
      "high_vol_max_dd": -0.4309298333894238,
      "sideways_sharpe": -0.08552308069130664,
      "sideways_ann_return": -0.10265299864262968,