{
  "regime_performance": {
    "Bull": {
      "n_days": 257,
      "sharpe": 3.4191273475085677,
      "ann_return": 0.31433436176678314,
      "ann_vol": 0.08608464437022426,
      "max_drawdown": -0.026861702754041872,
      "win_rate": 0.5953307392996109,
      "avg_daily_return": 0.0012473585784396157,
      "market_ann_return": 0.33611874085048804,
      "excess_return": -0.021784379083704897,
      "sortino": 6.36058111832017,
      "worst_day": -0.012351279926121164,
      "best_day": 0.022994603046177113
    },
    "Bear": {
      "n_days": 70,
      "sharpe": -1.5099898974820058,
      "ann_return": -0.2157792590813551,
      "ann_vol": 0.15614624937195307,
      "max_drawdown": -0.09733872504272312,
      "win_rate": 0.5,
      "avg_daily_return": -0.0008562669011164885,
      "market_ann_return": -0.26336640851683935,
      "excess_return": 0.047587149435484255,
      "sortino": -2.074411348514245,
      "worst_day": -0.032442769617803416,
      "best_day": 0.02535637327778277
    },
    "High-Vol": {
      "n_days": 58,
      "sharpe": 3.238129564079909,
      "ann_return": 0.22159685082307146,
      "ann_vol": 0.0622571910214327,
      "max_drawdown": -0.01591137342769877,
      "win_rate": 0.5517241379310345,
      "avg_daily_return": 0.0008793525826312359,
      "market_ann_return": 0.4725157415879081,
      "excess_return": -0.25091889076483664,
      "sortino": 5.643929521594565,
      "worst_day": -0.007302061018467213,
      "best_day": 0.00952703528394177
    },
    "Sideways": {
      "n_days": 559,
      "sharpe": -0.06334197939293153,
      "ann_return": 0.01323594172664078,
      "ann_vol": 0.10678634198340252,
      "max_drawdown": -0.17106890748511283,
      "win_rate": 0.5348837209302325,
      "avg_daily_return": 5.252357828032055e-05,
      "market_ann_return": 0.012586873480560801,
      "excess_return": 0.0006490682460799785,
      "sortino": -0.08009758525843232,
      "worst_day": -0.03812371743869441,
      "best_day": 0.02006161110297399
    },
    "Overall": {
      "n_days": 944,
      "sharpe": 0.6810231409062014,
      "ann_return": 0.09102848687637578,
      "ann_vol": 0.10429673033116311
    }
  },
  "edge_score": {
    "overall_sharpe": 0.6810231409062014,
    "best_regime": "Bull",
    "best_regime_sharpe": 3.4191273475085677,
    "worst_regime": "Bear",
    "worst_regime_sharpe": -1.5099898974820058,
    "regime_spread": 4.929117244990573,
    "regime_sharpes": {
      "Bull": 3.4191273475085677,
      "Bear": -1.5099898974820058,
      "High-Vol": 3.238129564079909,
      "Sideways": -0.06334197939293153
    }
  }
}